{
	"id": "ActivityPanelWidgetv11",
	"title": "Activity Panel v11",
	"category": "EWFWidgetsv11",
	"description": "Activity Panel Widget",
	"definition": "ActivityPanel.json",
	"preview": "images/helloworld_preview.gif",
	"icon": "images/helloworld_icon.gif",
	"runtimeClassName": "v11.ewf.pgwidget.activitypanel.ActivityPanel",
	"previewThumbnail": "images/helloworld_thumb.gif",
	"help": "images/ActivityPanelWidget.html",
	"properties":[	 
        {
            "propertyType": "property",
            "type": "boolean",
            "id": "runMode",
            "defaultValue":"",
            "required":false,
            "visibility":true,
            "title": "Allow to edit the fields of activities in this page widget in - My Activities ?"
        },
		{
            "propertyType": "property",
            "type": "choicelist",
            "id": "runMode_AllActivities",
            "defaultValue":"NA",
            "required":false,
            "visibility":true,
            "title": "Allow to edit the fields of activities in this page widget in - All Activities ?",
			"options": [
				{"id": "NA", "title": "Not Applicable"},
				{"id": "true", "title": "Edit"},
				{"id": "false", "title": "Read Only"}
            ]
        },
		{
            "propertyType": "property",
            "type": "boolean",
            "id": "expandAll",
            "defaultValue":"",
            "required":false,
            "visibility":true,
            "title": "Allow users to expand Activities by row double click and provide Expand All feature ?"
        },
        {
            "propertyType": "property",
            "type": "label",
            "id": "filterLabel",
            "title": "<br>Choose an filter for the activities this step page."
        },   
        {
            "propertyType": "property",
            "type": "boolean",
	    	"defaultValue":true,
            "id": "MyTasks",
            "title": "My Activities"
        },
		{
            "propertyType": "property",
            "type": "boolean",
			"defaultValue":true,
            "id": "AllTasks",
            "title": "All Activities"
        },
        {
            "propertyType": "property",
            "type": "label",
            "id": "statusLabel",
            "title": "<br>Choose which status of the activities belonging to my tasks to be handled in this step page."
        },   
        {
            "propertyType": "property",
            "type": "boolean",
            "id": "Pend-Repair",
            "title": "Pend Repair"
        },
        {
            "propertyType": "property",
            "type": "boolean",
            "id": "Pend-Review",
            "title": "Pend Review"
        },
        {
            "propertyType": "property",
            "type": "boolean",
            "id": "Error",
            "title": "Error"
        },
        {
            "propertyType": "property",
            "type": "boolean",
            "id": "Flagged",
            "title": "Flagged"
        },
        {
            "propertyType": "property",
            "type": "boolean",
            "id": "Follow-up(CB)",
            "title": "Follow-up(CB)"
        },
        {
            "propertyType": "property",
            "type": "boolean",
            "id": "Follow-up(EM)",
            "title": "Follow-up(EM)"
        },
        {
            "propertyType": "property",
            "type": "boolean",
            "id": "Reviewed",
            "title": "Reviewed"
        },
        {
            "propertyType": "property",
            "type": "boolean",
            "id": "Overridden",
            "title": "Overridden"
        },
        {
            "propertyType": "property",
            "type": "boolean",
            "id": "Failed",
            "title": "Failed"
        },
	
		{
            "propertyType": "group",
            "id": "viewDefIds",
            "title": "Activity View",
            "type": "tab",
            "propertyMembers": [
			{
			    "propertyType": "group",
			    "type": "dropdown",
			    "id": "ActivityViewDefList",
			    "title": "View Map For Activities:",
			    "propertyMembers": [			    	    
				{
					"propertyType":"property",
					"type":"viewList",
					"id":"COPC_OtherTransactionDetails_ViewMap",
					"defaultValue":null,
					"required":false,
					"visibility":true,
					"title":"View Map for Other Transaction Details."
				},
				{
					"propertyType":"property",
					"type":"viewList",
					"id":"COPC_AddressCheck_ViewMap",
					"defaultValue":null,
					"required":false,
					"visibility":true,
					"title":"View Map for Address Check."
				},
				{
					"propertyType":"property",
					"type":"viewList",
					"id":"COPC_AnnualIncomeCheck_ViewMap",
					"defaultValue":null,
					"required":false,
					"visibility":true,
					"title":"View Map for Annual Income Check."
				},
				{
					"propertyType":"property",
					"type":"viewList",
					"id":"COPC_CashPlusProductTypeCheck_ViewMap",
					"defaultValue":null,
					"required":false,
					"visibility":true,
					"title":"View Map for Cash Plus Product Type Check."
				},
				{
					"propertyType":"property",
					"type":"viewList",
					"id":"COPC_CreditCardCheck_ViewMap",
					"defaultValue":null,
					"required":false,
					"visibility":true,
					"title":"View Map for Credit Card Check."
				},
				{
					"propertyType":"property",
					"type":"viewList",
					"id":"COPC_CreditCardUpgrade_ViewMap",
					"defaultValue":null,
					"required":false,
					"visibility":true,
					"title":"View Map for Credit Card Upgrade."
				},
				{
					"propertyType":"property",
					"type":"viewList",
					"id":"COPC_KYCAMLCheck_ViewMap",
					"defaultValue":null,
					"required":false,
					"visibility":true,
					"title":"View Map for KYC/AML Check."
				},
				{
					"propertyType":"property",
					"type":"viewList",
					"id":"COPC_PrincipalApplicantDetailsCheck_ViewMap",
					"defaultValue":null,
					"required":false,
					"visibility":true,
					"title":"View Map for Principal Applicant Details Check."
				},
				{
					"propertyType":"property",
					"type":"viewList",
					"id":"COPC_SupplementaryApplicantDetailsCheck_ViewMap",
					"defaultValue":null,
					"required":false,
					"visibility":true,
					"title":"View Map for Supplementary Applicant Details Check."
				},
				{
					"propertyType":"property",
					"type":"viewList",
					"id":"COPC_ValidateHomeAndCorrespondenceAddress_ViewMap",
					"defaultValue":null,
					"required":false,
					"visibility":true,
					"title":"View Map for Validate Home And Correspondence Address."
				},
				{
					"propertyType":"property",
					"type":"viewList",
					"id":"COPC_MissingDocumentsCheck_ViewMap",
					"defaultValue":null,
					"required":false,
					"visibility":true,
					"title":"View Map for Missing Documents Check."
				},
				{
					"propertyType":"property",
					"type":"viewList",
					"id":"COPC_DownloadCPFStatementCheck_ViewMap",
					"defaultValue":null,
					"required":false,
					"visibility":true,
					"title":"View Map for Download CPF Statement Check."
				},
				{
					"propertyType":"property",
					"type":"viewList",
					"id":"COPC_DuplicateCustomerCheck_ViewMap",
					"defaultValue":null,
					"required":false,
					"visibility":true,
					"title":"View Map for Duplicate Customer Check."
				},
				{
					"propertyType":"property",
					"type":"viewList",
					"id":"COPC_PostToHost_ViewMap",
					"defaultValue":null,
					"required":false,
					"visibility":true,
					"title":"View Map for Post To Host."
				},
				{
					"propertyType":"property",
					"type":"viewList",
					"id":"COPC_ScanQRRemarks_ViewMap",
					"defaultValue":null,
					"required":false,
					"visibility":true,
					"title":"View Map for Scan QR Remarks."
				},
				{
					"propertyType":"property",
					"type":"viewList",
					"id":"COPC_ScribbleCheck_ViewMap",
					"defaultValue":null,
					"required":false,
					"visibility":true,
					"title":"View Map for Scribble Check."
				}				
				]
			}]
        },
		{
            "propertyType": "group",
            "id": "activityToolbars",
            "title": "Toolbar",
            "type": "tab",
            "propertyMembers": [
			{
             	"propertyType": "property",
             	"id": "activityActionToolbar",
             	"context":[ "ActivityEditable", "Coordination"],
             	"type": "toolbar",
             	"required": false,
             	"visibility": true,
             	"title": "Configure activity's action buttons for My Activities"   
            },
			{
				"propertyType": "property",
				"type": "choicelist",
				"id": "useMyActivitiesToolbar",
				"defaultValue":"NA",
				"required":false,
				"visibility":true,
				"title": "Use the above configured toolbar for All Activities ?",
				"options": [
					{"id": "NA", "title": "Not Applicable"},
					{"id": "true", "title": "Yes"},
					{"id": "false", "title": "No"}
				]
			},
			{
				"propertyType": "property",
				"id": "activityActionToolbar_AllActivities",
				"context":[ "ActivityEditable", "Coordination"],
				"type": "toolbar",
				"required": false,
				"visibility": true,
				"title": "Configure activity's action buttons for All Activities"   
			}]
        }
	],
	"events":[
	    {
            "id":"icm.FieldUpdated",
            "title":"Field Update",
            "direction":"published",
            "type": "broadcast",
            "description":"Field Update"
        },
        {
            "id":"icm.UpdateFields",
            "title":"Update Field",
            "functionName":"handleICM_UpdateFieldsEvent",
            "direction":"subscribed",
            "description":"Update Fields"
        },
		{
			"id": "icm.SendWorkItem",
			"title": "Work Item send",
			"functionName": "handleICM_SendWorkItem",
			"direction": "subscribed",
			"description": "Handle send work item event"
		}
	]
}