{
    "id":"AssociateDocumentv11",
    "title":"Associate Document v11",
    "category":"EWFWidgetsv11",
    "description":"Associate Document widget",
    "definition":"AssociateDocument.json",
    "preview":"images/associatedocument_preview.gif",
    "icon":"images/associatedocument_icon.png",
    "runtimeClassName":"v11.ewf.pgwidget.associatedocument.AssociateDocument",
	"help": "acmwrh106.htm",
    "previewThumbnail":"images/associatedocument_thumb.gif",
    "properties": [
        {
            "propertyType":"group",
            "type":"tab",
            "id":"associateDocumentMenuTab",
            "title":"Menu",
            "propertyMembers":[
                {
					"propertyType": "group",
                    "type": "dropdown",
                    "id": "Menus",
                    "title": "Menu for:",
					"propertyMembers": [
						{
							"propertyType":"property",
							"type":"contextualMenu",
							"context":["CaseEditable"],
							"id":"caseContextMenu",
							"title":"Menu for the Associated Case",
							"defaultValue":{
								"actionList":[
									{
										"actionDefinitionId":"icm.action.utility.ScriptAction",
										"propertiesValue":{
											"label":"RemoveCase"
										}
									}
								]
							}
						},
						{
							"propertyType":"property",
							"type":"contextualMenu",
							"context":["Document"],
							"id":"associateDocContextMenu",
							"title":"Menu for the Associated Document",
							"defaultValue":{
								"actionList":[
									{
										"actionDefinitionId":"icm.action.utility.ScriptAction",
										"propertiesValue":{
											"label":"RemoveDocument"
										}
									}
								]
							}
						},
						{
							"propertyType":"property",
							"type":"contextualMenu",
							"context":["Document"],
							"id":"documentContextMenu",
							"title":"Menu for Document",
							"defaultValue":{
								"actionList":[
									{
										"actionDefinitionId":"icm.action.utility.ScriptAction",
										"propertiesValue":{
											"label":"Add Document"
										}
									}
								]
							}
						}
					]
				}
            ]
        }
    ],
    "events": [
        {
            "id": "icm.SendWorkItem",
            "title": "Receive work item",
            "functionName": "handleICM_SendWorkItemEvent",
            "direction": "subscribed",
            "description": "Handle work item that is specified in the event payload."
        },
		{
            "id": "icm.SelectCase",
            "title": "Receive case",
            "functionName": "handleICM_SelectCaseEvent",
            "direction": "subscribed",
            "description": "Handle case that is specified in the event payload."
        },		
        {
            "id": "icm.ClearContent",
            "title": "Clear content",
            "functionName": "handleICM_ClearContentEvent",
            "direction": "subscribed",
            "description": "Clear the content in the widget."
        },		
		{
			"id": "icm.associateDocument.ReceiveWorkItem",
			"title": "Receive WorkItem information",
			"functionName": "handle_ReceiveWorkItemEvent",
			"direction": "subscribed",
			"description": "Receive WorkItem Information from another widget"
	    },		
		{
			"id": "icm.pageActiviated.ReceiveWorkItem",
			"title": "Receive Page Activated WorkItem information",
			"functionName": "handlePageActivatedWorkItemEvent",
			"direction": "subscribed",
			"description": "Receive Payload after Page is Activated"
	    }
    ]
}
