{
    "id":"AuditViewerv11",
    "title":"Viewer v11",
    "category":"EWFWidgetsv11",
    "description":"Audit viewer",
    "definition":"AuditViewer.json",
    "preview":"images/AuditViewer_preview.gif",
    "icon":"images/AuditViewer_icon.png",
    "runtimeClassName":"v11.ewf.pgwidget.auditviewer.AuditViewer",    
	"help": "acmwrh76.htm",
    "previewThumbnail":"images/viewer_thumb.gif",
    "properties":[
       {
            "propertyType":"property",
            "type":"string",
            "id":"PreferredHeight",
            "defaultValue":"500px",
            "disabled": true,
            "required":false,
            "visibility":false,
            "title":"${properties_PreferredHeight_title}"
        },
	 {
            "propertyType": "group",
            "id": "auditViewerToolbar",
            "title": "Toolbar",
            "type": "tab",
            "propertyMembers": [{
             	"propertyType": "property",
             	"id": "auditViewerActionToolbar",
             	"context":["Document"],
             	"type": "toolbar",
             	"required": false,
             	"visibility": true,
             	"title": "Configure audit print action"   
            }]
	  }

    ],
    "events":[
        
    ]
}
