{
	"id":"BulkPrintDocumentViewer",
	"title":"Bulk Print Image Viewer",
	"category":"EWFWidgetsv11",
	"description":"Bulk Print Viewer widget",
	"definition":"BulkPrintViewer.json",
	"preview":"images/documentviewer_preview.gif",
	"icon":"images/documentviewer_icon.png",
	"runtimeClassName":"v11.ewf.pgwidget.bulkprintviewer.BulkPrintViewer",
	"help": "acmwrh106.htm",
	"previewThumbnail":"images/documentviewer_thumb.gif",
    "properties":[
		{
            "propertyType":"property",
            "type":"string",
            "id":"PreferredHeight",
            "defaultValue":"auto",
            "disabled": true,
            "required":false,
            "visibility":false,
            "title":"Preferred Height"
        },
		{
            "propertyType":"property",
            "type":"choicelist",
            "id":"Permission",
            "defaultValue":"Write",
            "required":true,
            "visibility":true,
            "title":"Set the Permission to the viewer",
            "options": [
                        { "id": "Read", "title": "Read" },
                        { "id": "Write", "title": "Write" }
                    ]
        }
    ],
    "events":[
		{
		    "id":"icm.OpenDocument",
		    "title":"Open document",
		    "functionName":"handleICM_OpenDocumentEvent",
		    "direction":"subscribed",
		    "description":"Open the document that is contained in the event payload in the Viewer widget."
		},
		{
		    "id":"icm.SendCaseInfo",
		    "title":"Send case information",
		    "functionName":"handleICM_SendCaseInfoEvent",
		    "direction":"subscribed",
		    "description":"Save the case ID in the cache and close currently viewed documents to prepare for opening documents from another case."
		},
		{
		    "id":"icm.SendWorkItem",
		    "title":"Receive work item",
		    "functionName":"handleICM_SendWorkItemEvent",
		    "direction":"subscribed",
		    "description":"Display the work item that is contained in the event payload."
		},
		{
		    "id":"icm.ClearContent",
		    "title":"Clear content",
		    "functionName":"handleICM_ClearContentEvent",
		    "direction":"subscribed",
		    "description":"Clear the content of Viewer widget and the cached identifiers, and then close all tabs."
		},
		{
			"id":"icm.print.sendWorkItem",
			"title":"Request selected work items",
			"functionName":"handlePrintSelectWorkItems",
			"direction":"subscribed",
			"description":"get the information for the in-basket work items that are specified in the event payload."
		},
		{
            "id":"icm.RePrint.sendWorkItem",
            "title":"Reprint Send Information",
            "direction":"published",
            "type":"wiring",
            "description":"Fire an event to another widget about the status of print operation."
        },
		{
            "id":"icm.PrintCancel.sendWorkItem",
            "title":"PrintCancel Send Information",
            "direction":"published",
            "type":"wiring",
            "description":"Fire an event to another widget for print cancel event."
        }			
    ]
}
