{

	"id":"CaseDocumentViewerv11",
	"title":"Case Document Viewer v11",
	"category":"EWFWidgetsv11",
	"description":"Case Document Viewer widget",
	"definition":"CaseDocumentViewer.json",
	"preview":"images/casedocumentviewer_preview.gif",
	"icon":"images/casedocumentviewer_icon.png",
	"runtimeClassName":"v11.ewf.pgwidget.caseDocumentViewer.CaseDocumentViewer",
	"help": "acmwrh106.htm",
	"previewThumbnail":"images/casedocumentviewer_thumb.gif",
    "properties":[
		{
            "propertyType":"property",
            "type":"string",
            "id":"PreferredHeight",
            "defaultValue":"auto",
            "disabled": true,
            "required":false,
            "visibility":false,
            "title":"Preferred Height"
        }
    ],
    "events":[
		
		{
			"id":"icm.view.sendWorkItem",
			"title":"Request Open Case Viewer",
			"functionName":"handleViewDocuments",
			"direction":"subscribed",
			"description":"get the information for the in-basket work items that are specified in the event payload."
		}			
    ]
}
