{
    "Name":"EWF widgets package v11",
    "Description":"EWF widgets package v11",
    "Locale":"",
    "Version":"5.2.1",
    "Categories":[
        {
            "id":"EWFWidgetsv11",
            "title":"EWF Widgets v11"
        }
    ],
    "Widgets":[
		{
		    "id":"FieldDataEntryv11",
		    "title":"Field Data Entry v11",
		    "category":"EWFWidgetsv11",
		    "description":"Field Data Entry widget",
		    "definition":"FieldDataEntry.json",
		    "preview":"images/fielddataentry_preview.gif",
		    "icon":"images/fielddataentry_icon.png",
		    "runtimeClassName":"v11.ewf.pgwidget.fielddataentry.FieldDataEntry",
		    "help": "FieldDataEntry.htm",
		    "previewThumbnail":"images/fielddataentry_thumb.gif"			
		},
		{
			"id": "ActivityPanelWidgetv11",
			"title": "Activity Panel Widget v11",
			"category": "EWFWidgetsv11",
			"description": "Activity Panel Widget",
			"definition": "ActivityPanelWidget.json",
			"preview": "images/activitypanel_icon.png",
			"icon": "images/activitypanel_icon.png",
			"runtimeClassName": "v11.ewf.pgwidget.activitypanel.ActivityPanel",
			"previewThumbnail": "images/activitypanel_icon.png",
			"help": "ActivityPanelWidget.html"
		},
		{
			"id": "SignatureProcessingWidgetv11",
			"title": "Signature Processing Widget v11",
			"category": "EWFWidgetsv11",
			"description": "Signature Processing Widget",
			"definition": "SignatureProcessingWidget.json",
			"preview": "images/activitypanel_icon.png",
			"icon": "images/activitypanel_icon.png",
			"runtimeClassName": "v11.ewf.pgwidget.signatureprocessing.SignatureProcessing",
			"previewThumbnail": "images/helloworld_thumb.gif",
			"help": "images/ActivityPanelWidget.html"
		},
		{
		    "id":"ImageCroppingv11",
		    "title":"Image Cropping v11",
		    "category":"EWFWidgetsv11",
		    "description":"Image Cropping widget",
		    "definition":"ImageCropping.json",
		    "preview":"images/imagecropping_preview.gif",
		    "icon":"images/imagecropping_icon.png",
		    "runtimeClassName":"v11.ewf.pgwidget.imagecropping.ImageCropping",
		    "help": "ImageCropping.htm",
		    "previewThumbnail":"images/imagecropping_thumb.gif"
		},
		{
		    "id":"AssociateDocumentv11",
			"title":"Associate Document v11",
			"category":"EWFWidgetsv11",
			"description":"Associate Document widget",
			"definition":"AssociateDocument.json",
			"preview":"images/associatedocument_preview.gif",
			"icon":"images/associatedocument_icon.png",
			"runtimeClassName":"v11.ewf.pgwidget.associatedocument.AssociateDocument",
			"help": "acmwrh106.htm",
			"previewThumbnail":"images/associatedocument_thumb.gif"
		},
		{
		    "id":"PushInbasketv11",
			"title":"Push Inbasket v11",
			"category":"EWFWidgetsv11",
			"description":"Push Inbasket widget",
			"definition":"PushInbasket.json",
			"preview":"images/pushinbasket_preview.gif",
			"icon":"images/pushinbasket_icon.png",
			"runtimeClassName":"v11.ewf.pgwidget.pushinbasket.PushInbasket",
			"help": "acmwrh106.htm",
			"previewThumbnail":"images/pushinbasket_thumb.gif"
		},
		{
		    "id":"PullInbasketv11",
			"title":"Pull Inbasket v11",
			"category":"EWFWidgetsv11",
			"description":"Pull Inbasket widget",
			"definition":"PullInbasket.json",
			"preview":"images/pullinbasket_preview.gif",
			"icon":"images/pullinbasket_icon.png",
			"runtimeClassName":"v11.ewf.pgwidget.pullinbasket.PullInbasket",
			"help": "acmwrh106.htm",
			"previewThumbnail":"images/pullinbasket_thumb.gif"
		},
		{
		    "id":"AuditViewerv11",
			"title":"Audit Viewer v11",
			"category":"EWFWidgetsv11",
			"description":"Audit Viewer widget",
			"definition":"AuditViewer.json",
			"preview":"images/auditviewer_preview.gif",
			"icon":"images/auditviewer_icon.png",
			"runtimeClassName":"v11.ewf.pgwidget.auditviewer.AuditViewer",
			"help": "acmwrh106.htm",
			"previewThumbnail":"images/auditviewer_thumb.gif"
		},
		{
		    "id":"FormDataEntryv11",
			"title":"Form Data Entry v11",
			"category":"EWFWidgetsv11",
			"description":"Form Data Entry widget",
			"definition":"FormDataEntry.json",
			"preview":"images/formdataentry_preview.gif",
			"icon":"images/formdataentry_icon.png",
			"runtimeClassName":"v11.ewf.pgwidget.formdataentry.FormDataEntry",
			"help": "acmwrh106.htm",
			"previewThumbnail":"images/formdataentry_thumb.gif"
		},
		{	
			"id":"CustomCaseDataWidgetv11",
			"title":"Custom Case Data Widget v11",
	        "category":"EWFWidgetsv11",
      	    "description":"Custom Case Data Widget",
		    "definition":"CustomCaseDataWidget.json",
		    "preview": "images/customcasedata_preview.png",
			"icon": "images/customcasedata_icon.png",
		    "runtimeClassName":"v11.ewf.pgwidget.customcasedata.CustomCaseDataWidget",
		    "help": "acmwrh126.htm",
		    "previewThumbnail":"images/customcasedata_thumb.png"
		},
		{
		    "id":"DocumentViewerv11",
			"title":"Document Viewer v11",
			"category":"EWFWidgetsv11",
			"description":"Document Viewer widget",
			"definition":"DocumentViewer.json",
			"preview":"images/documentviewer_preview.gif",
			"icon":"images/documentviewer_icon.png",
			"runtimeClassName":"v11.ewf.pgwidget.documentviewer.DocumentViewer",
			"help": "acmwrh106.htm",
			"previewThumbnail":"images/documentviewer_thumb.gif"
		},
		{
		    "id":"VirtualDocumentViewerv11",
			"title":"Virtual Document Viewer v11",
			"category":"EWFWidgetsv11",
			"description":"Virtual Document Viewer widget",
			"definition":"VirtualDocumentViewer.json",
			"preview":"images/documentviewer_preview.gif",
			"icon":"images/documentviewer_icon.png",
			"runtimeClassName":"v11.ewf.pgwidget.virtualdocumentviewer.VirtualDocumentViewer",
			"help": "acmwrh106.htm",
			"previewThumbnail":"images/documentviewer_thumb.gif"
		},
		{
		    "id":"EWF_CCA_CustomCaseInfov11",
		    "title":"Custom Case Information v11",
		    "category":"EWFWidgetsv11",
		    "description":"Custom Case Information",
		    "definition":"CustomCaseInfo.json",
		    "preview": "images/customcaseinfo_preview.png",
		    "icon": "images/customcaseinfo_icon.png",
		    "runtimeClassName":"v11.ewf.pgwidget.customcaseinfo.CustomCaseInfo",
		    "help": "acmwrh94.htm",
		    "previewThumbnail": "images/customcaseinfo_thumb.gif"
		},
		{
			"id":"DocumentSearchv11",
			"title":"Document Search v11",
			"category":"EWFWidgetsv11",
			"description":"Document Search widget",
			"definition":"DocumentSearch.json",
			"preview":"images/documentviewer_preview.gif",
			"icon":"images/documentviewer_icon.png",
			"runtimeClassName":"v11.ewf.pgwidget.documentsearch.DocumentSearch",
			"help": "acmwrh106.htm",
			"previewThumbnail":"images/documentviewer_thumb.gif"
		},
		{
			"id":"CustomStoredSearchv11",
			"title":"Custom Stored Search v11",
			"category":"EWFWidgetsv11",
			"description":"Custom Stored Search widget",
			"definition":"CustomStoredSearch.json",
			"preview":"images/documentviewer_preview.gif",
			"icon":"images/documentviewer_icon.png",
			"runtimeClassName":"v11.ewf.pgwidget.customstoredsearch.CustomStoredSearch",
			"help": "acmwrh106.htm",
			"previewThumbnail":"images/documentviewer_thumb.gif"
		},
		{
			"id":"CaseDocumentViewerv11",
			"title":"Case Document Viewer v11",
			"category":"EWFWidgetsv11",
			"description":"Case Document Viewer widget",
			"definition":"CaseDocumentViewer.json",
			"preview":"images/casedocumentviewer_preview.gif",
			"icon":"images/casedocumentviewer_icon.png",
			"runtimeClassName":"v11.ewf.pgwidget.caseDocumentViewer.CaseDocumentViewer",
			"help": "acmwrh106.htm",
			"previewThumbnail":"images/casedocumentviewer_thumb.gif"
		},
		{
			"id":"SimpleSPWidgetv11",
			"title":"Simple Signature processing Widget v11",
			"category":"EWFWidgetsv11",
			"description":"Decision Panel Widget v11",
			"definition":"SimpleSPWidget.json",
			"preview":"images/splistaccounts_preview.gif",
			"icon":"images/splistaccounts_icon.png",
			"runtimeClassName":"v11.ewf.pgwidget.simplesignatureprocessing.SimpleSP",
			"help": "acmwrh106.htm",
			"previewThumbnail":"images/splistaccounts_thumb.gif"
		},
		{
			"id":"EWFWorkitemToolbar",
			"title":"EWF Custom Work Item Toolbar v11",
			"category":"EWFWidgetsv11",
			"description":"Displays a toolbar for Work Details pages. Default actions include Comments and Complete.",
			"definition":"EWFWorkitemToolbar.json",
			"preview":"images/toolbar_preview.gif",
			"icon":"images/toolbar_icon.png",
			"runtimeClassName":"v11.ewf.pgwidget.workitemtoolbar.EWFWorkitemToolbar",
			"help": "acmwrh106.htm",
			"previewThumbnail":"images/toolbar_thumb.gif"
		},
		{
			"id":"EWFCaseToolbar",
			"title":"EWF Custom Case Toolbar v11",
			"category":"EWFWidgetsv11",
			"description":"Displays a toolbar for running case actions. Use this toolbar on a page that displays case details.",
			"definition":"EWFCaseToolbar.json",
			"preview":"images/toolbar_preview.png",
			"icon":"images/toolbar_icon.png",
			"runtimeClassName":"v11.ewf.pgwidget.casetoolbar.EWFCaseToolbar",
			"help": "acmwrh103.htm",
			"previewThumbnail":"images/toolbar_thumb.png"
		},
		{
			"id":"BulkPrintDocumentViewer",
			"title":"Bulk Print Image Viewer",
			"category":"EWFWidgetsv11",
			"description":"Bulk Print Viewer widget",
			"definition":"BulkPrintViewer.json",
			"preview":"images/documentviewer_preview.gif",
			"icon":"images/documentviewer_icon.png",
			"runtimeClassName":"v11.ewf.pgwidget.bulkprintviewer.BulkPrintViewer",
			"help": "acmwrh106.htm",
			"previewThumbnail":"images/documentviewer_thumb.gif"
		},
		{
			"id": "BulkPrintInbasket",
			"title": "Bulk Print Inbasket V11",
			"category": "EWFWidgetsv11",
			"description": "Bulk Print Inbasket Widget for EWF",
			"definition": "BulkPrintInbasket.json",
			"preview": "images/bulkprintinbasket_preview.gif",
			"icon": "images/bulkprintinbasket_icon.png",
			"runtimeClassName": "v11.ewf.pgwidget.bulkprintinbasket.BulkPrintInbasket",		    
			"previewThumbnail": "images/bulkprintinbasket_thumb.gif"
		}
	]
}
