{
    "id":"CustomCaseInfov11",
    "title":"Custom Case Information v11",
    "category":"EWFWidgetsv11",
    "description":"CustomCaseInfo",
    "definition":"CustomCaseInfo.json",
    "preview": "images/customcaseinfo_preview.png",
    "icon": "images/customcaseinfo_icon.png",
    "runtimeClassName":"v11.ewf.pgwidget.customcaseinfo.CustomCaseInfo",
    "help": "acmwrh94.htm",
    "previewThumbnail": "images/customcaseinfo_thumb.gif",
    "properties": [
        {
            "propertyType": "property",
            "type": "string",
            "id": "PreferredWidth",
            "defaultValue": 320,
            "disabled": true,
            "required": false,
            "visibility": false,
            "title": "Preferred Width"
        },
        {
            "propertyType": "property",
            "type": "string",
            "id": "PreferredHeight",
            "defaultValue": "100%",
            "disabled": true,
            "required": false,
            "visibility": false,
            "title": "Preferred Height"
        },
        {
            "propertyType": "property",
            "type": "label",
            "id": "caseInfoShowCaseIdLabel",
            "visibility": true,
            "title": "Select the views to display in the Case Information widget and configure the Documents view.",        	
   			"help": "acmwrh95.htm"
        },
        {
            "propertyType": "property",
            "type": "boolean",
            "id": "caseInfoShowCaseId",
            "defaultValue": true,
            "required": true,
            "visibility": true,
            "title": "Display the case ID in the Case Information widget"
        },
        {
            "propertyType": "property",
            "type": "label",
            "id": "lineSeparatorLabel1",
            "visibility": true,
            "title": ""
        },
        {
            "propertyType": "property",
            "type": "label",
            "id": "lineSeparatorLabel2",
            "visibility": true,
            "title": ""
        },
        {
            "propertyType": "property",
            "type": "label",
            "id": "availableViewsLabel",
            "visibility": true,
            "title": "Available Views:"
        },
        {
            "propertyType": "property",
            "type": "order",
            "id": "tabDefinition",
            "required": false,
            "visibility": true,
            "title": "Set tab visibility and set tab order",
            "defaultValue":[                
            	{"id":"CustomSummary","visibility":true},
            	{"id":"Documents","visibility":true},
            	{"id":"Activities","visibility":true},
            	{"id":"History","visibility":true}
            ],
            "options":[
                        { "id": "CustomSummary", "title": "Summary" },
                        { "id": "Documents", "title": "Documents" },
                        { "id": "Activities", "title": "Tasks" },
                        { "id": "History", "title": "History" }
                    ]
        },
		{
            "propertyType": "property",
            "type": "choicelist",
            "id": "filterSupportingDocs",
            "defaultValue":"NA",
            "required":false,
            "visibility":true,
            "title": "Don't display the Supporting Documents in Documents tab?",
			"options": [
				{"id": "NA", "title": "Not Applicable"},
				{"id": "Yes", "title": "Yes"},
				{"id": "No", "title": "No"}
            ]
        },
        {
            "propertyType": "group",
            "type": "section",
            "id": "documentGeneralSettings",
            "title": "Documents",
            "propertyMembers": [
		{
		    "propertyType":"property",
		    "type":"choicelist",
		    "id":"ViewSelection",
		    "defaultValue":"DetailsView",
		    "required":true,
		    "visibility":true,
		    "title":"Select the default view",
		    "options": [
				{ "id": "DetailsView", "title": "Details View" },
				{ "id": "MagazineView", "title": "Magazine View" }
			    ]
		},
		{
		    "propertyType":"property",
		    "type":"boolean",
		    "id":"EnableSwitch",
		    "defaultValue":true,
		    "required":true,
		    "visibility":true,
		    "title":"Allow user to switch between views"
		},  
                {
                    "propertyType": "property",
                    "type": "boolean",
                    "id": "documentOpenInSeparateWindow",
                    "defaultValue": false,
                    "required": true,
                    "visibility": true,
                    "title": "Open documents in a separate browser window"
                },
                {
                    "propertyType": "property",
                    "type": "boolean",
                    "id": "filterDocumentTypes",
					"integrationType": "P8",
                    "defaultValue": false,
                    "required": true,
                    "visibility": true,
                    "title": "Only show the document types that are defined in the solution"
                },
        	{
            	    "propertyType": "property",
					"type": "boolean",
            	    "id": "filterDocumentTypesCM8",
					"integrationType": "CM8",
                    "defaultValue": true,
					"disabled": true,
                    "required": false,
                    "visibility": true,
                    "title": "Only show the document types that are defined in the solution"
        	}
            ]
        },
        {
            "propertyType": "group",
            "type": "tab",
            "id": "documentContextualMenuSetting",
            "title": "Menus",
            "propertyMembers": [
                {
                    "propertyType": "group",
                    "type": "dropdown",
                    "id": "Menus",
                    "title": "Menu for:",
                    "propertyMembers": [
                        {
                            "propertyType": "property",
                            "type": "contextualMenu",
                            "id": "documentContextMenu",
                            "context": [
                                "CurrentFolder", "Case", "Document"
                            ],
                            "required": false,
                            "visibility": true,
                            "title": "Documents view (Documents)",
                            "defaultValue": {
                                "actionList": [
                                    {
                                        "actionDefinitionId": "icm.action.contentitem.Open",
                                        "propertiesValue": {
                                            "label": "Open"
                                        }
                                    },
                                    {
                                        "actionDefinitionId": "icm.action.document.Preview",
                                        "propertiesValue": {
                                            "label": "Preview"
                                        }
                                    },
                                    {
                                        "actionDefinitionId": "Download",
                                        "propertiesValue": {
                                            "label": "Download"
                                        }
                                    },
                                    {
                                        "actionDefinitionId": "DownloadAll",
                                        "propertiesValue": {
                                            "label": "DownloadAll"
                                        }
                                    },
                                    {
                                        "actionDefinitionId": "Edit",
                                        "propertiesValue": {
                                            "label": "EditProperties"
                                        }
                                    },
                                    {
                                        "actionDefinitionId": "icm.action.comment.AddDocumentComment",
                                        "propertiesValue": {
                                            "label": "AddCommentToDocument"
                                        }
                                    },
                                    {
                                        "isSeparator": true
                                    },
									{
										"actionDefinitionId": "PrintDoc",
										"propertiesValue": {
											"label": "Print"
										}
									},
                                    {
                                        "isMenu": true,
                                        "propertiesValue": {
                                            "label": "CheckOut",
											"items":[
			                                    {
			                                        "actionDefinitionId": "CheckOutDownload",
			                                        "propertiesValue": {
			                                            "label": "CheckOutDownload"
			                                        }
			                                    },
			                                    {
			                                        "actionDefinitionId": "CheckOutNoDownload",
			                                        "propertiesValue": {
			                                            "label": "CheckOutOnly"
			                                        }
			                                    }
											]
                                        }
                                    },
                                    {
                                        "actionDefinitionId": "CheckIn",
                                        "propertiesValue": {
                                            "label": "CheckIn"
                                        }
                                    },
                                    {
                                        "actionDefinitionId": "Unlock",
                                        "propertiesValue": {
                                            "label": "Unlock"
                                        }
                                    },
                                    {
                                        "isSeparator": true
                                    },
                                    {
                                        "isMenu": true,
                                        "propertiesValue": {
                                            "label": "SendEmail",
											"items":[
												{
													"actionDefinitionId": "SendLinksToDocs",
													"propertiesValue": {
														"label": "AsALink"
													}
												},
												{
													"actionDefinitionId": "SendAttachments",
													"propertiesValue": {
														"label": "AsAnAttachment"
													}
												}
											]
                                        }
                                    },
									{
										"actionDefinitionId": "Export",
										"propertiesValue": {
											"label": "Export"
										}
									},
                                    {
                                        "actionDefinitionId": "ShowHyperlink",
                                        "propertiesValue": {
                                            "label": "ShowHyperlink"
                                        }
                                    },
                                    {
                                        "isSeparator": true
                                    },
                                    {
                                        "actionDefinitionId": "RemoveFromFolder",
                                        "propertiesValue": {
                                            "label": "RemoveFromCase"
                                        }
                                    },
                                    {
                                        "actionDefinitionId": "icm.action.contentitem.Cut",
                                        "propertiesValue": {
                                            "label": "Cut"
                                        }
                                    }
                                ]
                            }
                        },
                        {
                            "propertyType": "property",
                            "type": "contextualMenu",
                            "id": "folderContextMenu",
                            "context": [
                                "Folder"
                            ],
                            "required": false,
                            "visibility": true,
                            "title": "Documents view (Folders)",
                            "defaultValue": {
                                "actionList": [
                                    {
                                        "actionDefinitionId": "icm.action.contentitem.Open",
                                        "propertiesValue": {
                                            "label": "Open"
                                        }
                                    },
                                    {
                                        "actionDefinitionId": "Edit",
                                        "propertiesValue": {
                                            "label": "EditProperties"
                                        }
                                    },
                                    {
                                        "actionDefinitionId": "DeleteItem",
                                        "propertiesValue": {
                                            "label": "Delete"
                                        }
                                    },
                                    {
                                        "isSeparator": true
                                    },
									{
										"actionDefinitionId": "SendLinksToFolders",
										"propertiesValue": {
											"label": "SendAsALink"
										}
									},
									{
										"actionDefinitionId": "Export",
										"propertiesValue": {
											"label": "Export"
										}
									}
                                ]
                            }
                        },
                        {
                            "propertyType": "property",
                            "type": "contextualMenu",
                            "id": "taskContextMenu",
                            "context": [
                                "Task"
                            ],
                            "title": "Tasks view",
                            "defaultValue": {
                                "actionList": [
                                ]
                            }
                        },
                        {
                            "propertyType": "property",
                            "type": "contextualMenu",
                            "id": "historyContextMenu",
                            "context": [],
                            "title": "History view"
                        }
                    ]
                }
            ]
        },
        {
            "propertyType": "group",
            "type": "tab",
            "id": "topToolbarGroup",
            "title": "Toolbars",
            "propertyMembers": [
                {
                    "propertyType": "group",
                    "type": "dropdown",
                    "id": "DocAdvancedSetting",
                    "title": "Toolbar for:",
                    "propertyMembers": [
                        {
                            "propertyType": "property",
                            "type": "toolbar",
                            "id": "documentViewToolbar",
                            "context": [
                                "Folder", "Document", "CurrentFolder", "ResultSet"
                            ],
                            "required": false,
                            "visibility": true,
                            "title": "Documents view",
                            "defaultValue": {
                                "actionList": [
                                    {
                                        "isMenu": true,
                                        "propertiesValue": {
                                            "align": "left",
                                            "label": "AddMenu",
                                            "items": [
                                                {
                                                    "actionDefinitionId": "icm.action.folder.AddFolder",
                                                    "propertiesValue": {
                                                        "label": "AddFolder"
                                                    }
                                                },
                                                {
                                                    "actionDefinitionId": "icm.action.document.AddDocumentFromLocal",
                                                    "propertiesValue": {
                                                        "label": "AddFromLocal",
                                                        "allowContentAsLink": true,
                                                        "allowNoContent": true
                                                    }
                                                },
                                                {
                                                    "actionDefinitionId": "icm.action.document.AddDocumentFromRepository",
                                                    "propertiesValue": {
                                                        "label": "AddFromRepository"
                                                    }
                                                }
                                            ]
                                        }
                                    },
                                    {
                                        "actionDefinitionId": "icm.action.contentitem.Open",
                                        "propertiesValue": {
                                            "align": "left",
                                            "label": "Open"
                                        }
                                    },
                                    {
                                        "isMenu": true,
                                        "propertiesValue": {
                                            "align": "left",
                                            "label": "Actions",
                                            "associatedMenus":[],
											"items":[
												{
													"actionDefinitionId":"RefreshGrid",
													"propertiesValue": {
														"label":"Refresh"
													}
												},
												                                                {
                                                	"actionDefinitionId":"icm.action.contentitem.Paste",
                                                	"propertiesValue": {
                                                		"label":"Paste"
                                                	}
                                                }
											]
                                        }
                                    }
                                ]
                            }
                        },
                        {
                            "propertyType": "property",
                            "type": "toolbar",
                            "id": "taskToolbar",
                            "context": ["Case","Task"],
                            "title": "Tasks view",
                            "defaultValue": {
                                "actionList": [
                                    {
                                        "actionDefinitionId": "icm.action.case.OpenAddPredefinedTaskPage",
                                        "propertiesValue": {
                                            "align": "left",
                                            "label": "AddTask"
                                        }
                                    }
                                ]
                            }
                        },
                        {
                            "propertyType": "property",
                            "type": "toolbar",
                            "id": "historyToolbar",
                            "context": [],
                            "title": "History view"
                        }
                    ]
                }
            ]
        }
    ],
    "events": [
        {
            "id": "icm.SendCaseInfo",
            "title": "Send case information",
            "functionName": "handleICM_SendCaseInfoEvent",
            "direction": "subscribed",
            "description": "Display the case that is specified in the event payload."
        },
        {
            "id": "icm.SelectDocument",
            "title": "Document selected",
            "type": "wiring",
            "direction": "published",
            "description": "The user selected a document."
        },
        {
            "id": "icm.OpenDocument",
            "title": "Document opened",
            "type": "broadcast",
            "direction": "published",
            "description": "The user opened a document."
        },
        {
            "id": "icm.OpenFolder",
            "title": "Folder opened",
            "type": "wiring",
            "direction": "published",
            "description": "The user opened a folder."
        },
        {
            "id": "icm.SelectFolder",
            "title": "Folder selected",
            "type": "wiring",
            "direction": "published",
            "description": "The user selected a folder."
        },
        {
            "id": "icm.SelectCase",
            "title": "Select case",
            "functionName": "handleICM_SelectCaseEvent",
            "direction": "subscribed",
            "description": "Display the case information for the case that is contained in the event payload."
        },
        {
            "id": "icm.ClearContent",
            "title": "Clear content",
            "functionName": "handleICM_ClearContentEvent",
            "direction": "subscribed",
            "description": "Clear the content in the Case Information widget."
        },
        {
            "id": "icm.SelectTab",
            "title": "Select tab",
            "functionName": "handleICM_SelectTabEvent",
            "direction": "subscribed",
            "description": "Open the tab that is specified in the event payload."
        },
		{
            "id": "icm.RefreshTab",
            "title": "Refresh",
            "functionName": "handleICM_RefreshTabEvent",
            "direction": "subscribed",
            "description": "Refresh the tab that is specified in the event payload."
        },
        {
            "id": "icm.FilterHistory",
            "title": "Filter history",
            "functionName": "handleICM_FilterHistoryEvent",
            "direction": "subscribed",
            "description": "Filter the entries in the History tab based on the criteria that is specified in the event payload."
        },
        {
            "id": "icm.SelectInitialFolder",
            "title": "Select folder",
            "functionName": "handleICM_SelectInitialFolderEvent",
            "direction": "subscribed",
            "description": "Open the case subfolder that is specified in the event payload."
        },
        {
            "id": "icm.TaskSelect",
            "title": "Task selected",
            "type": "wiring",
            "direction": "published",
            "description": "The user selected a task from the Task view."
        },
        {
            "id": "icm.SendWorkItem",
            "title": "Receive work item",
            "functionName": "handleICM_SendWorkItemEvent",
            "direction": "subscribed",
            "description": "Display the case information for the case that is related to the work item in the event payload."
        },
		{
            "id": "icm.SendNewTaskInfo",
            "title": "Receive new task",
            "functionName": "handleICM_SendNewTaskInfoEvent",
            "direction": "subscribed",
            "description": "Display the case information for the case that is related to the task in the event payload."
        },
		{
            "id": "icm.SendCaseHistory",
            "title": "Send case history",
            "type": "wiring",
            "direction": "published",
            "description": "The user selected a history item from the History view."
        },
		{
            "id": "icm.TaskStatusUpdated",
            "title": "Task status updated",
            "type": "wiring",
            "direction": "published",
            "description": "The task status is updated."
        }
    ]
}