{
	"id":"CustomStoredSearchv11",
	"title":"Custom Stored Search v11",
	"category":"EWFWidgetsv11",
	"description":"Custom Stored Search widget",
	"definition":"CustomStoredSearch.json",
	"preview":"images/documentviewer_preview.gif",
	"icon":"images/documentviewer_icon.png",
	"runtimeClassName":"v11.ewf.pgwidget.customstoredsearch.CustomStoredSearch",
	"help": "acmwrh106.htm",
	"previewThumbnail":"images/documentviewer_thumb.gif",
	"properties":[
	              {
	                  "propertyType":"property",
	                  "type":"string",
	                  "id":"PreferredWidth",
	                  "defaultValue":"500px",
	                  "disabled": true,
	                  "required":false,
	                  "visibility":false,
	                  "title":"Preferred Width"
	              },
	              {
	                  "propertyType":"property",
	                  "type":"string",
	                  "id":"PreferredHeight",
	                  "defaultValue":"400px",
	                  "disabled": true,
	                  "required":false,
	                  "visibility":false,
	                  "title":"Preferred Height"
	              },
	              {
	                  "propertyType": "group",
	                  "type": "dropdown",
	                  "defaultValue": "document",
	                  "id": "contentListSearchOption",
	                  "title": "Select the method for populating the Content List Widget:",
	                  "propertyMembers": [
	                      	{
	                          "propertyType": "group",
	                          "type": "propertyPanel",
	                          "id": "contentListDocumentSearch",
	                          "title": "Property list",
	                          "propertyMembers": [
	                              {
	                                  "propertyType": "property",
	                                  "type": "label",
	                                  "id": "propertyListDescription",
	                                  "visibility": true,
	                                  "title": "You must create a custom widget or use the Script Adapter widget to provide a list of the identifiers for the documents that are to be displayed. You must wire the event that is published by this widget to the incoming Display documents event for the Content List widget."
	                              }                         
	                          ]
	                         },
	                         {
	                          "propertyType": "group",
	                          "type": "propertyPanel",
	                          "id": "contentListStoredSearch",
	                          "title": "Stored search",
	                          "propertyMembers": [
	                              {
	                                  "propertyType": "property",
	                                  "type": "label",
	                                  "id": "contentListStoredSearchDesc",
	                                  "visibility": true,
	                                  "title": "Select the version and enter the identifier for the stored search that is to be run. You can obtain the identifier by viewing the system properties for the stored search."
	                              },                         
	                              {
	                                  "propertyType": "group",
	                                  "type": "dropdown",
	                                  "defaultValue": "Current",
	                                  "id": "storedSearchVersionSelector",
	                                  "title": "*Version",
	                                  "propertyMembers": [
	                                      {
	                                          "propertyType": "group",
	                                          "type": "propertyPanel",
	                                          "id": "current",
	                                          "title": "Current",
	                                          "propertyMembers": [
	                                              {
	                                                  "propertyType": "property",
	                                                  "type": "string",
	                                                  "id": "currentVersionId",
	                                                  "defaultValue": "",
	                                                  "required": false,
	                                                  "visibility": true,
	                                                  "title": "Version Series Id"
	                                              }
	                                          ]
	                                      },
	                                      {
	                                          "propertyType": "group",
	                                          "type": "propertyPanel",
	                                          "id": "released",
	                                          "title": "Released",
	                                          "propertyMembers": [
	                                              {
	                                                  "propertyType": "property",
	                                                  "type": "string",
	                                                  "id": "releasedVersionId",
	                                                  "defaultValue": "",
	                                                  "required": false,
	                                                  "visibility": true,
	                                                  "title": "Version Series Id"
	                                              }
	                                          ]
	                                      }
	                                  ]
	                              }

	                          ]
	                         },
	                         {
		                          "propertyType": "group",
		                          "type": "propertyPanel",
		                          "id": "contentListStoredSearchGenerateView",
		                          "title": "Stored search and Generate Search View",
		                          "propertyMembers": [
		                              {
		                                  "propertyType": "property",
		                                  "type": "label",
		                                  "id": "contentListStoredSearchGenerateViewDesc",
		                                  "visibility": true,
		                                  "title": "Select the version and enter the identifier for the stored search that is to be run. You can obtain the identifier by viewing the system properties for the stored search."
		                              },                         
		                              {
		                                  "propertyType": "group",
		                                  "type": "dropdown",
		                                  "defaultValue": "Current",
		                                  "id": "storedSearchGenerateViewVersionSelector",
		                                  "title": "*Version",
		                                  "propertyMembers": [
		                                      {
		                                          "propertyType": "group",
		                                          "type": "propertyPanel",
		                                          "id": "currentGenerateView",
		                                          "title": "Current",
		                                          "propertyMembers": [
		                                              {
		                                                  "propertyType": "property",
		                                                  "type": "string",
		                                                  "id": "currentVersionIdGenerateView",
		                                                  "defaultValue": "",
		                                                  "required": false,
		                                                  "visibility": true,
		                                                  "title": "Version Series Id"
		                                              }
		                                          ]
		                                      },
		                                      {
		                                          "propertyType": "group",
		                                          "type": "propertyPanel",
		                                          "id": "releasedGenerateView",
		                                          "title": "Released",
		                                          "propertyMembers": [
		                                              {
		                                                  "propertyType": "property",
		                                                  "type": "string",
		                                                  "id": "releasedVersionIdGenerateView",
		                                                  "defaultValue": "",
		                                                  "required": false,
		                                                  "visibility": true,
		                                                  "title": "Version Series Id"
		                                              }
		                                          ]
		                                      }
		                                  ]
		                              }

		                          ]
		                         }
	                       ]
	              }
	],
    "events":[
		{
            "id":"icm.SendWorkItem",
            "title":"Search with work item",
            "functionName":"handleICM_ReceiveWorkItemEvent",
            "direction":"subscribed",
            "description":"Use the workflow data field values that are specified in the event payload as the criteria for the configured stored search. Run the search and display the list of documents that is returned."
        },
        {
            "id":"icm.OpenDocument",
            "title":"Document opened",
            "type":"broadcast",
            "direction":"published",
            "description":"The user opened a document."
        },
        {
            "id":"icm.SelectDocument",
            "title":"Document selected",
            "type":"wiring",
            "direction":"published",
            "description":"The user selected a document."
        },
        {
            "id":"icm.ClearViewerContent",
            "title":"Clear Viewer Content",
            "type":"wiring",
            "direction":"published",
            "description":"The user clicked on Reset."
        },
        {
            "id":"icm.ReceivedDocumentIDs",
            "title":"Display documents",
            "functionName":"handleICM_ReceiveDocumentIDsEvent",
            "direction":"subscribed",
            "description":"Display the list of documents that are referenced in the event payload."
        },
        {
            "id":"icm.ReceiveStoredSearch",
            "title":"Search with stored search",
            "functionName":"handleICM_ReceiveStoredSearchEvent",
            "direction":"subscribed",
            "description":"Use the Stored Search id, version and object store name that are specified in the event payload  to run the search and display the returned list of documents."
        },
        {
            "id":"icm.ReceivedSeachValues",
            "title":"Search with values",
            "functionName":"handleICM_ReceiveSearchValuesEvent",
            "direction":"subscribed",
            "description":"Use the name and value pairs that are specified in the event payload as the criteria for the configured stored search. Run the search and display the list of documents that is returned."
        },
        {
            "id": "icm.ClearContent",
            "title": "Clear content",
            "functionName": "handleICM_ClearContentEvent",
            "direction": "subscribed",
            "description": "Clear the content in the Content List widget"
        }
    ]
}
