{
	"id":"CustomCaseDataWidgetv11",
	"title":"Custom Case Data Widget v11",
	"category":"EWFWidgetsv11",
	"description":"Custom Case Data Widget",
	"definition":"CustomCaseDataWidget.json",
	"preview": "images/customcasedata_preview.png",
	"icon": "images/customcasedata_icon.png",
	"runtimeClassName":"v11.ewf.pgwidget.customcasedata.CustomCaseDataWidget",
	"help": "acmwrh126.htm",
	"previewThumbnail":"images/customcasedata_thumb.png",
	"properties":[
	{
            "propertyType":"property",
            "type":"string",
            "id":"PreferredHeight",
            "defaultValue":"auto",
            "disabled": true,
            "required":false,
            "visibility":false,
            "title":"Preferred Height"
        },
		{
            "propertyType":"property",
            "type":"choicelist",
            "id":"labelAlignment",
            "defaultValue":"vertical",
            "required":true,
            "visibility":true,
            "title":"Select whether property labels are positioned above or beside the associated field",
            "options": [
                        { "id": "vertical", "title": "Above" },
                        { "id": "horizontal", "title": "Beside" }
                    ]
        },
        {
			"propertyType":"property",
            "type":"integer",
            "id":"columnCount",
            "defaultValue":"2",
            "required":true,
            "visibility":true,
            "title":"The count of columns to display the properties (1-3)",
			"constraints":{"min":1,"max":3}
        }
		
	],
	"events":[
		{
			"id": "icm.SendWorkItem",
			"title": "Work Item send",
			"functionName": "handleICM_SendWorkItemEvent",
			"direction": "subscribed",
			"description": "Handle send work item event"
		},
	    {
			"id":"icm.associateDocument.SendWorkItem",
			"title":"Send WotkItem information",
			"direction":"published",
			"type":"broadcast",
			"description":"Fire an Event to other widget when custom case data widget is loaded successfully"
	    }
	]
}
