{
	"id":"DocumentViewerv11",
	"title":"Document Viewer v11",
	"category":"EWFWidgetsv11",
	"description":"Document Viewer widget",
	"definition":"DocumentViewer.json",
	"preview":"images/documentviewer_preview.gif",
	"icon":"images/documentviewer_icon.png",
	"runtimeClassName":"v11.ewf.pgwidget.documentviewer.DocumentViewer",
	"help": "acmwrh106.htm",
	"previewThumbnail":"images/documentviewer_thumb.gif",
    "properties":[
		{
            "propertyType":"property",
            "type":"string",
            "id":"PreferredHeight",
            "defaultValue":"auto",
            "disabled": true,
            "required":false,
            "visibility":false,
            "title":"Preferred Height"
        },
		{
            "propertyType":"property",
            "type":"choicelist",
            "id":"Permission",
            "defaultValue":"Write",
            "required":true,
            "visibility":true,
            "title":"Set the Permission to the viewer",
            "options": [
                        { "id": "Read", "title": "Read" },
                        { "id": "Write", "title": "Write" }
                    ]
        },
		{
            "propertyType": "property",
            "type": "choicelist",
            "id": "enableRedactions",
            "defaultValue":"NA",
            "required":false,
            "visibility":true,
            "title": "Display readactions on the image in the viewer ?",
			"options": [
				{"id": "NA", "title": "Not Applicable"},
				{"id": "Yes", "title": "Yes"},
				{"id": "No", "title": "No"}
            ]
        },
		{
            "propertyType": "property",
            "type": "choicelist",
            "id": "enableHideAnnotations",
            "defaultValue":"NA",
            "required":false,
            "visibility":true,
            "title": "Display Show or Hide annotations button in Viewer ?",
			"options": [
				{"id": "NA", "title": "Not Applicable"},
				{"id": "Yes", "title": "Yes"},
				{"id": "No", "title": "No"}
            ]
        }
    ],
    "events":[
		{
		    "id":"icm.OpenDocument",
		    "title":"Open document",
		    "functionName":"handleICM_OpenDocumentEvent",
		    "direction":"subscribed",
		    "description":"Open the document that is contained in the event payload in the Viewer widget."
		},
		{
		    "id":"icm.SendCaseInfo",
		    "title":"Send case information",
		    "functionName":"handleICM_SendCaseInfoEvent",
		    "direction":"subscribed",
		    "description":"Save the case ID in the cache and close currently viewed documents to prepare for opening documents from another case."
		},
		{
		    "id":"icm.SendWorkItem",
		    "title":"Receive work item",
		    "functionName":"handleICM_SendWorkItemEvent",
		    "direction":"subscribed",
		    "description":"Display the work item that is contained in the event payload."
		},
		{
            "id":"icm.SelectCase",
            "title":"Select case",
            "functionName":"handleICM_SelectCaseEvent",
            "direction":"subscribed",
            "description":"Display the case information for the case that is contained in the event payload."
        },
		{
		    "id":"icm.ClearContent",
		    "title":"Clear content",
		    "functionName":"handleICM_ClearContentEvent",
		    "direction":"subscribed",
		    "description":"Clear the content of Viewer widget and the cached identifiers, and then close all tabs."
		}   
    ]
}
