{
	"id":"DocumentSearchv11",
	"title":"Document Search v11",
	"category":"EWFWidgetsv11",
	"description":"Document Search widget",
	"definition":"DocumentSearch.json",
	"preview":"images/documentviewer_preview.gif",
	"icon":"images/documentviewer_icon.png",
	"runtimeClassName":"v11.ewf.pgwidget.documentsearch.DocumentSearch",
	"help": "acmwrh106.htm",
	"previewThumbnail":"images/documentviewer_thumb.gif",
    "properties":[
    ],
    "events":[
		{
		    "id":"icm.SendStoredSearchPayload",
		    "title":"Send Stored Search Payload",
		    "type":"wiring",
		    "direction":"published",
		    "description":"The user initiated a Stored Search with Params."
		},
		{
            "id":"icm.ClearContentListContent",
            "title":"Clear Content in Content List",
            "type":"wiring",
            "direction":"published",
            "description":"Clear Content in Content List Widget."
        }
    ]
}
