{
    "id":"EWFCaseToolbar",
	"title":"EWF Custom Case Toolbar v11",
	"category":"EWFWidgetsv11",
	"description":"Displays a toolbar for running case actions. Use this toolbar on a page that displays case details.",
	"definition":"EWFCaseToolbar.json",
	"preview":"images/toolbar_preview.png",
	"icon":"images/toolbar_icon.png",
	"runtimeClassName":"v11.ewf.pgwidget.casetoolbar.EWFCaseToolbar",
	"help": "acmwrh103.htm",
	"previewThumbnail":"images/toolbar_thumb.png",
    "properties":[
		{
            "propertyType":"property",
            "type":"string",
            "id":"PreferredWidth",
            "defaultValue":"500px",
            "disabled": true,
            "required":false,
            "visibility":false,
            "title":"Preferred Width"
        },
		{
            "propertyType":"property",
            "type":"string",
            "id":"PreferredHeight",
            "defaultValue":"auto",
            "disabled": true,
            "required":false,
            "visibility":false,
            "title":"Preferred Height"
        },
        {
            "propertyType":"property",
            "type":"boolean",
            "id":"showHeaderInfo",
            "defaultValue":true,
            "required":true,
            "visibility":true,
            "title":"Display the case title and case type in the Case Toolbar widget.<br>&nbsp;&nbsp;&nbsp;&nbsp;&nbsp;&nbsp;&nbsp;If no case title is defined, the case ID is displayed with the case type."
        },
        {
            "propoertyType":"group",
            "type":"tab",
            "id":"Toolbars",
            "title":"Toolbar",
            "propertyMembers":[{
                    "propertyType":"group",
                    "type":"dropdown",
                    "id":"topToolbar",
                    "title":"Toolbar for:",
                    "propertyMembers":[
                        {
                            "propertyType":"property",
                            "type":"toolbar",
                            "id":"EditCaseToolbar",
                            "context":["Case", "CasePage",
                                "Solution", 
                                "Coordination"],
                            "defaultValue":{"actionList":[
								{
									"actionDefinitionId": "icm.action.comment.AddCaseComment",
									"propertiesValue": {
										"align": "left",
										"label": "Comments"
									}
								},
								{
									"isSeparator": true,
									"propertiesValue": {
										"align": "left",
										"label": "----------------------------"
									}
								},
								{
									"actionDefinitionId": "icm.action.case.OpenAddPredefinedTaskPage",
									"propertiesValue": {
										"align": "left",
										"label": "AddTask"
									}
								},
								{
									"isMenu": true,
									"propertiesValue": {
										"align": "left",
										"label": "CustomTaskMenu",
										"items": [
											{
												"actionDefinitionId": "icm.action.case.AddCustomTask",
												"propertiesValue": {
													"align": "left",
													"label": "AddCustomTask",
													"allowRole": true
												}
											},
											{
												"actionDefinitionId": "icm.action.case.AddCustomTaskFromExisting",
												"propertiesValue": {
													"align": "left",
													"label": "AddCustomTaskFromExisting",
													"allowRole": true
												}
											}
										]
									}
								},
								{
									"actionDefinitionId": "icm.action.case.OpenSplitCasePage",
									"propertiesValue": {
										"align": "left",
										"label": "SplitCase",
										"caseType": "All"
									}
								},
								{
									"actionDefinitionId": "icm.action.case.SaveCaseOnPage",
									"propertiesValue": {
										"align": "right",
										"label": "SaveCaseOnPage"
									}
								},
								{
									"actionDefinitionId": "icm.action.case.CloseCasePage",
									"propertiesValue": {
										"align": "right",
										"label": "CloseCasePage"
									}
								},
								{
									"isSpace": true,
									"propertiesValue": {
										"label": "----------------------------",
										"align": "left",
										"width": 20
									}
								}
							]},
                            "required":false,
                            "visibility":true,
                            "title":"Editing a case"
                        },
                        {
                            "propertyType":"property",
                            "type":"toolbar",
                            "id":"CreateNewCaseToolbar",
                            "context":["NewCase", 
                                "Solution", 
                                "Coordination"],
                            "defaultValue":{"actionList":[{"actionDefinitionId":"icm.action.case.AddCaseAndClosePage","propertiesValue":{"align":"right","label":"AddCaseAndClosePage"}},
                                                          {"actionDefinitionId":"icm.action.case.CloseCasePage","propertiesValue":{"align":"right","label":"Cancel"}}
                                                         ]},
                            "required":false,
                            "visibility":true,
                            "title":"Creating a case"
                        },
                        {
                            "propertyType":"property",
                            "type":"toolbar",
                            "id":"SplitCaseToolbar",
                            "context":["NewCase", 
                                "Solution", 
                                "Coordination"],
                            "defaultValue":{"actionList":[{"actionDefinitionId":"icm.action.case.AddCaseAndClosePage","propertiesValue":{"align":"right","label":"AddCaseAndClosePage"}},
                                                          {"actionDefinitionId":"icm.action.case.CloseCasePage","propertiesValue":{"align":"right","label":"CloseCasePage"}}
                                                         ]},
                            "required":false,
                            "visibility":true,
                            "title":"Splitting a case"
                        }
                    ]
            }]
        }
    ],
    "events":[
        {
            "id":"icm.SendCaseInfo",
            "title":"Open case",
            "functionName":"handleICM_SendCaseInfoEvent",
            "direction":"subscribed",
            "description":"Open the case that is specified in the event payload."
        },
        {
            "id":"icm.SendNewCaseInfo",
            "title":"Create case",
            "functionName":"handleICM_SendNewCaseInfoEvent",
            "direction":"subscribed",
            "description":"Display the properties for the specified case type so the user can create a case."
        },
        {
            "id":"icm.SendSplitCaseInfo",
            "title":"Split case",
            "functionName":"handleICM_SendSplitCaseInfoEvent",
            "direction":"subscribed",
            "description":"Display the information for the original case that is being split to create a new case."
        }
    ]
}
