{
    "id":"EWFWorkitemToolbar",
    "title":"EWF Custom Work Item Toolbar v11",
    "category":"EWFWidgetsv11",
    "description":"Displays a toolbar for Work Details pages. Default actions include Comments and Complete.",
    "definition":"EWFWorkitemToolbar.json",
    "preview":"images/toolbar_preview.gif",
    "icon":"images/toolbar_icon.png",
    "runtimeClassName":"v11.ewf.pgwidget.workitemtoolbar.EWFWorkitemToolbar",
	"help": "acmwrh106.htm",
    "previewThumbnail":"images/toolbar_thumb.gif",
    "properties":[
		{
            "propertyType":"property",
            "type":"string",
            "id":"PreferredWidth",
            "defaultValue":"500px",
            "disabled": true,
            "required":false,
            "visibility":false,
            "title":"Preferred Width"
        },
		{
            "propertyType":"property",
            "type":"string",
            "id":"PreferredHeight",
            "defaultValue":"auto",
            "disabled": true,
            "required":false,
            "visibility":false,
            "title":"Preferred Height"
        },
        {
            "propertyType":"property",
            "type":"boolean",
            "id":"showHeaderLeft",
            "defaultValue":true,
            "required":true,
            "visibility":true,
            "title":"Display the work item name and due date"
        },
        {
            "propertyType":"property",
            "type":"boolean",
            "id":"showHeaderRight",
            "defaultValue":true,
            "required":true,
            "visibility":true,
            "title":"Display the instructions for the work item"
        },
		{
            "propertyType":"property",
            "type":"boolean",
            "id":"showCaseRefNumber",
            "defaultValue":false,
            "required":false,
            "visibility":true,
            "title":"Display Case Reference Number for the work item"
        },
        {
            "propoertyType":"group",
            "type":"tab",
            "id":"Toolbars",
            "title":"Toolbars",
            "propertyMembers":[{
                    "propertyType":"group",
                    "type":"dropdown",
                    "id":"topToolbar",
                    "title":"Toolbar for:",
                    "propertyMembers":[
                        {
                            "propertyType":"property",
                            "type":"toolbar",
                            "id":"openWorkitemToolbar",
                            "context":["Case", "WorkItem", "Solution", "Role", "WorkItemPage", "Coordination"],
                            "defaultValue":{"actionList":[{"actionDefinitionId":"icm.action.comment.AddWorkItemComment","propertiesValue":{"align":"left","label":"AddCommentToWorkItem"}},{"isSeparator":true,"propertiesValue":{"align":"left","label":"----------------------------"}},{"actionDefinitionId": "icm.action.workitem.OpenNextWorkItemInPage", "propertiesValue": {"label": "OpenNextWorkItemInPage", "align": "left", "getnext": false}},{"actionDefinitionId":"icm.action.workitem.DispatchWorkItemAndClosePage","propertiesValue":{"align":"right","label":"Complete","GetNext":false,"flat":true}},{"isSeparator":true,"propertiesValue":{"align":"right","label":"----------------------------"}},{"actionDefinitionId":"icm.action.workitem.SaveWorkItemOnPage","propertiesValue":{"align":"right","label":"SaveWorkItemOnPage","flat":true}},{"actionDefinitionId":"icm.action.workitem.CloseWorkItemPage","propertiesValue":{"align":"right","label":"CloseWorkItemPage"}},{"isSpace":true,"propertiesValue":{"label":"----------------------------","align":"left","width":20}}]
                            },
                            "required":false,
                            "visibility":true,
                            "title":"Opening a work item"
                        },
                        {
                            "propertyType":"property",
                            "type":"toolbar",
                            "id":"launchTaskToolbar",
                            "context":["Case","NewTask", "Solution", "Coordination"],
                            "defaultValue":{"actionList":[{"actionDefinitionId":"icm.action.task.AddTaskAndClosePage","propertiesValue":{"align":"right","label":"AddNewTask","flat":true}},{"actionDefinitionId":"icm.action.task.CancelAddTaskPage","propertiesValue":{"align":"right","label":"CancelAddTaskPage"}}]
                            },
                            "required":false,
                            "visibility":true,
                            "title":"Adding a task"
                        }
                    ]
            }]
        }
    ],
    "events":[
        {
            "id":"icm.SendWorkItem",
            "title":"Receive work item",
            "functionName":"handleICM_SendWorkItemEvent",
            "direction":"subscribed",
            "description":"Display the work item that is contained in the event payload."
        },
        {
            "id":"icm.SendNewTaskInfo",
            "title":"Add task",
            "functionName":"handleICM_SendNewTaskInfoEvent",
            "direction":"subscribed",
            "description":"The user selected a task type of a case to add a task that is contained in the event payload."
        }
    ]
}
