{
    "id":"FieldDataEntryv11",
    "title":"Field Data Entry v11",
    "category":"EWFWidgetsv11",
    "description":"Field Data Entry widget",
    "definition":"FieldDataEntry.json",
    "preview":"images/fielddataentry_preview.gif",
    "icon":"images/fielddataentry_icon.png",
    "runtimeClassName":"v11.ewf.pgwidget.fielddataentry.FieldDataEntry",
	"help": "acmwrh106.htm",
    "previewThumbnail":"images/fielddataentry_thumb.gif",
    "properties":[
    	{
            "propertyType":"property",
            "type":"choicelist",
            "id":"labelAlignment",
            "defaultValue":"vertical",
            "required":true,
            "visibility":true,
            "title":"Select whether property labels are positioned above or beside the associated field",
            "options": [
                        { "id": "vertical", "title": "Above" },
                        { "id": "horizontal", "title": "Beside" }
                    ]
        },
    	{
            "propertyType":"property",
            "type":"integer",
            "id":"columnCount",
            "defaultValue":"2",
            "required":true,
            "visibility":true,
            "title":"The count of columns to display the properties (1-3)",
			"constraints":{"min":1,"max":3}
        }	
    ],
    "events":[
        {
            "id": "icm.SendWorkItem",
            "title": "Send work item",
            "functionName": "handleICM_SendWorkItemEvent",
            "direction": "subscribed",
            "description": "Display the properties for the work item that is specified in the event payload."
        }		
    ]
}
