{
    "id":"FormDataEntryv11",
    "title":"Form Data Entry v11",
    "category":"EWFWidgetsv11",
    "description":"Form Data Entry widget",
    "definition":"FormDataEntry.json",
    "preview":"images/formdataentry_preview.gif",
    "icon":"images/formdataentry_icon.png",
    "runtimeClassName":"v11.ewf.pgwidget.formdataentry.FormDataEntry",
	"help": "acmwrh106.htm",
    "previewThumbnail":"images/formdataentry_thumb.gif",
    "properties":[
    ],
    "events":[
        {
            "id": "icm.SendWorkItem",
            "title": "Send work item",
            "functionName": "handleICM_SendWorkItemEvent",
            "direction": "subscribed",
            "description": "Display the properties for the work item that is specified in the event payload."
        }	
	]
}
