{
    "id":"ImageCroppingv11",
    "title":"Image Cropping v11",
    "category":"EWFWidgetsv11",
    "description":"Image Cropping widget",
    "definition":"ImageCropping.json",
    "preview":"images/imagecropping_preview.gif",
    "icon":"images/imagecropping_icon.png",
    "runtimeClassName":"v11.ewf.pgwidget.imagecropping.ImageCropping",
	"help": "acmwrh106.htm",
    "previewThumbnail":"images/imagecropping_thumb.gif",
    "properties":[
		{
            "propertyType":"property",
            "type":"string",
            "id":"PreferredWidth",
            "defaultValue":"500px",
            "disabled": true,
            "required":false,
            "visibility":false,
            "title":"properties_PreferredWidth_title"
        },
		{
            "propertyType":"property",
            "type":"string",
            "id":"PreferredHeight",
            "defaultValue":"auto",
            "disabled": true,
            "required":false,
            "visibility":false,
            "title":"properties_PreferredHeight_title"
        }
    ],
    "events":[
        {
            "id": "icm.SendWorkItem",
            "title": "Send work item",
            "functionName": "handleICM_SendWorkItemEvent",
            "direction": "subscribed",
            "description": "Display the image cropped for the work item that is specified in the event payload."
        }		
    ]
}
