{
    "id":"PushInbasketv11",
    "title":"Push Inbasket v11",
    "category":"EWFWidgetsv11",
    "description":"Push Inbasket widget",
    "definition":"PushInbasket.json",
    "preview":"images/pushinbasket_preview.gif",
    "icon":"images/pushinbasket_icon.png",
    "runtimeClassName":"v11.ewf.pgwidget.pushinbasket.PushInbasket",
	"help": "acmwrh106.htm",
    "previewThumbnail":"images/pushinbasket_thumb.gif",
    "properties":[
	{
            "propertyType":"property",
            "type":"integer",
            "id":"pageSize",
            "defaultValue":1,
            "required":true,
            "visibility":true,
            "title":"Page size for push Inbasket",
            "description":"Page size for push Inbasket"
        }
    ],
    "events":[
    ]
}
