{
	"id": "SignatureProcessingWidgetv11",
	"title": "Signature Processing Widget v11",
	"category": "EWFWidgetsv11",
	"description": "Signature Processing Widget",
	"definition": "SignatureProcessingWidget.json",
	"preview": "images/activitypanel_icon.png",
	"icon": "images/activitypanel_icon.png",
	"runtimeClassName": "v11.ewf.pgwidget.signatureprocessing.SignatureProcessing",
	"previewThumbnail": "images/activitypanel_icon.png",
	"help": "images/ActivityPanelWidget.html",
	"properties":[	 
        {
            "propertyType": "property",
            "type": "boolean",
            "id": "vertical",
            "defaultValue":"SP",
            "required":false,
            "visibility":true,
            "title": "Mention the vertical the widget is placed in. Valid Values are: SP, MP"
        }
    ],
	"events":[
	    {
			"id": "icm.SendWorkItem",
			"title": "Work Item send",
			"functionName": "handleICM_SendWorkItem",
			"direction": "subscribed",
			"description": "Handle send work item event"
		}
	]
}