{
    "id":"SimpleSPWidgetv11",
    "title":"Simple Signature processing Widget v11",
    "category":"EWFWidgetsv11",
    "description":"Decision Panel Widget v11",
    "definition":"SimpleSPWidget.json",
    "preview":"images/splistaccounts_preview.gif",
    "icon":"images/splistaccounts_icon.png",
    "runtimeClassName":"v11.ewf.pgwidget.simplesignatureprocessing.SimpleSP",
    "help": "acmwrh106.htm",
    "previewThumbnail":"images/splistaccounts_thumb.gif",
    "properties": [
        {
            "propertyType": "property",
            "type": "string",
            "id": "PreferredWidth",
            "defaultValue": "auto",
            "disabled": false,
            "required": false,
            "visibility": true,
            "title": "PreferredWidth"
        },
        {
            "propertyType": "property",
            "type": "string",
            "id": "PreferredHeight",
            "defaultValue": "auto",
            "disabled": false,
            "required": false,
            "visibility": true,
            "title": "PreferredHeight"
        }		
    ],
    "events":[
	{
	    "id": "icm.SendWorkItem",
	    "title": "Work Item send",
	    "functionName": "handleICM_SendWorkItem",
	    "direction": "subscribed",
	    "description": "Handle send work item event"
	}
    ]
}
