{
  "attributes": [
    {
      "value": "Kai",
      "symbolicName": "CaseFolder.CustomerName1",
      "displayName": "Customer Name 1"
    }, {
      "value": "Zhang",
      "symbolicName": "CaseFolder.CustomerName2",
      "displayName": "Customer Name 2"
    }, {
      "value": "201",
      "symbolicName": "CaseFolder.UnitNo",
      "displayName": "UnitNo"
    }, {
      "value": "5",
      "symbolicName": "CaseFolder.StoryNo",
      "displayName": "StoryNo"
    }, {
      "value": "UOB Alexadria Building",
      "symbolicName": "CaseFolder.BuildingName",
      "displayName": "BuildingName"
    }, {
      "value": "10000",
      "symbolicName": "CaseFolder.MailAddressPostCode",
      "displayName": "MailAddressPostCode"
    }, {
      "value": "Mr.",
      "symbolicName": "CaseFolder.COPC_Salutation",
      "displayName": "Salutation"
    }
  ],
  "displayName": "Duplicate Advice",
  "template": "Duplicate Advice"
}